method,bookmark,gi_gpu_ms_mean,gi_gpu_ms_median,gi_gpu_ms_p95,frame_gpu_ms_mean,rays_per_frame,memory_bytes,shared_bytes,memory_measured_delta,rmse_mean,rel_mean,ref_spp
flat,0,0,0,0,2.5822430728476826,0,8,0,0,0.006862859687761874,0.1843047934745112,2048
flat,1,0,0,0,2.656610860927155,0,8,0,0,0.0017734263901378088,0.22159634695134486,2048
flat,2,0,0,0,2.7993125298013237,0,8,0,0,0.00177333966427528,0.14109046928198138,2048
flat,3,0,0,0,2.196074437086093,0,8,0,0,0.003229904807715731,0.258745800941594,2048
flat,4,0,0,0,3.362285562913907,0,8,0,0,0.004810885544300216,0.15645553636497217,2048
gtao,0,1.645256900662251,1.4024960000000002,2.3940479999999997,3.0980228874172147,0,37785600,0,37806995,0.006871074349377958,0.1848944894189557,2048
gtao,1,1.6605930066225183,1.559072,2.842048,3.2965754701986785,0,37785600,0,37806995,0.0017837991178283029,0.22055181011126487,2048
gtao,2,1.550581139072847,1.5242559999999998,2.665632,3.247567682119206,0,37785600,0,37806995,0.0017774653875387433,0.14052839530900943,2048
gtao,3,2.0826700397350986,2.2179520000000004,3.0138559999999996,3.825778860927153,0,37785600,0,37806995,0.0032415490336564524,0.2601084821514842,2048
gtao,4,1.997638781456954,2.1298559999999997,2.8886399999999997,3.803876556291389,0,37785600,0,37806995,0.004820134004867777,0.15689021969005643,2048
ssgi,0,2.6661345165562937,2.729312,3.349888,4.156815841059606,0,41472000,0,41502613,0.005741799612747457,0.15664830767175797,2048
ssgi,1,2.899066966887418,2.950272,3.467392,4.328768317880795,0,41472000,0,41502613,0.0016471289314639954,0.20723886009676523,2048
ssgi,2,2.8317579867549663,2.96288,3.479488,4.3953769006622565,0,41472000,0,41502613,0.0016890998384025933,0.1336758114137897,2048
ssgi,3,2.6733126887417233,2.8169600000000004,3.311744,4.171438304635761,0,41472000,0,41502613,0.0032069887387581207,0.25987828612025093,2048
ssgi,4,2.875439707154743,3.041568,3.389312,4.482713291181367,0,41472000,0,41502613,0.004319983744241665,0.1388696727029169,2048
ddgi,0,2.073355867549668,1.952768,3.280896,3.62657043708609,163672.63666666666,23117824,15156452,23154225,0.002973822302413569,0.05206417266228967,2048
ddgi,1,2.0065873377483445,1.99168,3.3792,3.4324956291390736,163597.255,23117824,15156452,23154225,0.0011543186327952959,0.09495227448310219,2048
ddgi,2,1.9195524238410593,1.8606079999999998,3.211264,3.440671735099339,163626.96333333335,23117824,15156452,23154225,0.0009682480654025373,0.054803895708928234,2048
ddgi,3,2.0161661456953635,1.933312,3.290112,3.548569695364239,163751.87333333332,23117824,15156452,23154225,0.0014802484376280187,0.09635791182803764,2048
ddgi,4,1.926111788079471,1.821696,3.293184,3.4221201589403956,163673.76,23117824,15156452,23154225,0.001800639277265038,0.04664665134631492,2048
ddgi-ssdo,0,3.3816645298013226,3.334304,4.214815999999999,4.71503025165563,163534.115,68276224,15156452,68337233,0.002899032822323882,0.048649296899453576,2048
ddgi-ssdo,1,3.3136334834437067,3.2421759999999997,4.372256,4.6374482119205345,163692.78166666668,68276224,15156452,68337233,0.0011865521586959407,0.09200465470661241,2048
ddgi-ssdo,2,2.630203761589403,2.260512,4.205088,3.7654824370860935,163513.71,68276224,15156452,68337233,0.0009015196993096247,0.05075085219241982,2048
ddgi-ssdo,3,3.305764609271525,3.364256,4.534688,4.528851337748339,163617.92166666666,68276224,15156452,68337233,0.001460992727648226,0.09129259466312582,2048
ddgi-ssdo,4,3.2803658278145704,3.255456,4.377248,4.5942969006622505,163625.245,68276224,15156452,68337233,0.0017148775401050972,0.044036113000967464,2048
sharc,0,10.36163184079603,10.360831999999998,10.505216,11.223179462686582,1195398.5566666666,55672832,15156452,55735070,0.0014173304826479245,0.030309475377299014,2048
sharc,1,7.515171661691533,7.501824,7.588864000000001,8.292697737976786,1177444.9116666666,55672832,15156452,55735070,0.000660288000430604,0.056029219705869965,2048
sharc,2,7.713079282392016,7.693312,7.851008,8.556394524916954,1207606.2883333333,55672832,15156452,55735070,0.0007559047312386849,0.033901353378402846,2048
sharc,3,9.871535202657801,9.869312,10.020864000000001,10.712827641195998,1187748.3666666667,55672832,15156452,55735070,0.000824591149190314,0.05726415256431726,2048
sharc,4,10.306076019900509,10.300416,10.463232,11.206668099502476,1200182.3833333333,55672832,15156452,55735070,0.0013153806457786574,0.029627930036920252,2048
