method,bookmark,pass,mean_ms,median_ms,p95_ms,frames
flat,0,gbuffer+sombras,2.3390873642384107,2.2566079999999995,4.647359999999999,604
flat,0,composición,0.13819777483443713,0.107296,0.296736,604
flat,0,métrica (no GI),0.24279311258278136,0.186368,0.551936,604
flat,0,display,0.10495793377483438,0.11548800000000001,0.18496,604
flat,1,gbuffer+sombras,2.4186353377483423,3.2594880000000006,4.271231999999999,604
flat,1,composición,0.12725610596026496,0.174336,0.214848,604
flat,1,métrica (no GI),0.30713218543046317,0.464896,0.541696,604
flat,1,display,0.11071941721854295,0.125408,0.191392,604
flat,2,gbuffer+sombras,2.54924752317881,2.2064320000000004,5.0404480000000005,604
flat,2,composición,0.12914728476821186,0.109056,0.250016,604
flat,2,métrica (no GI),0.22258945695364218,0.187392,0.448512,604
flat,2,display,0.1209177218543046,0.118144,0.220096,604
flat,3,gbuffer+sombras,1.9872962649006631,0.77552,3.9279999999999995,604
flat,3,composición,0.12536301986754947,0.042976,0.263392,604
flat,3,métrica (no GI),0.19249674172185427,0.068608,0.403456,604
flat,3,display,0.08341515231788087,0.04288,0.148384,604
flat,4,gbuffer+sombras,3.0783391788079477,3.8141440000000006,5.169663999999999,604
flat,4,composición,0.15872937748344354,0.223008,0.251584,604
flat,4,métrica (no GI),0.26175067549668923,0.211968,0.433152,604
flat,4,display,0.12521700662251667,0.13440000000000002,0.196992,604
gtao,0,gbuffer+sombras,1.2632807947019873,1.0021440000000001,1.787328,604
gtao,0,gtao.ao,1.477371761589403,1.306336,2.1991359999999998,604
gtao,0,gtao.temporal,0.16788513907284705,0.096256,0.165888,604
gtao,0,composición,0.12824529801324505,0.087104,0.138464,604
gtao,0,display,0.06123989403973511,0.050912,0.09084800000000001,604
gtao,0,métrica (no GI),0.12271385430463576,0.091136,0.156672,604
gtao,1,gbuffer+sombras,1.4189907284768213,1.301568,3.1494080000000007,604
gtao,1,gtao.ao,1.416272370860928,1.336864,2.0662719999999997,604
gtao,1,gtao.temporal,0.2443206357615889,0.159744,1.281024,604
gtao,1,composición,0.14408439735099335,0.117344,0.550432,604
gtao,1,métrica (no GI),0.15941170860927173,0.126976,0.579584,604
gtao,1,display,0.07290733774834438,0.072096,0.11072,604
gtao,2,gbuffer+sombras,1.4644258543046362,1.400128,3.5810879999999994,604
gtao,2,gtao.ao,1.321639152317881,1.344448,1.807104,604
gtao,2,gtao.temporal,0.22894198675496816,0.157696,1.256448,604
gtao,2,composición,0.15949409271523163,0.129856,0.65904,604
gtao,2,métrica (no GI),0.13322172185430478,0.11776,0.421888,604
gtao,2,display,0.07306659602649003,0.073824,0.133024,604
gtao,3,gbuffer+sombras,1.5107429403973498,1.52864,3.5857920000000005,604
gtao,3,gtao.ao,1.8592481589403984,2.0011840000000003,2.464288,604
gtao,3,gtao.temporal,0.22342188079470235,0.15872,1.275904,604
gtao,3,composición,0.15859046357615883,0.133024,0.680032,604
gtao,3,métrica (no GI),0.13993197350993408,0.132096,0.47616,604
gtao,3,display,0.07377541721854312,0.080256,0.11388799999999999,604
gtao,4,gbuffer+sombras,1.5875967152317887,1.6223360000000002,3.7875840000000003,604
gtao,4,gtao.ao,1.7884528741721872,1.655616,2.428992,604
gtao,4,gtao.temporal,0.20918590728476816,0.150528,1.220608,604
gtao,4,composición,0.14585456953642395,0.125152,0.63056,604
gtao,4,métrica (no GI),0.13263851655629166,0.089088,0.42496,604
gtao,4,display,0.07278649006622516,0.078912,0.121504,604
ssgi,0,gbuffer+sombras,1.3018541986754952,1.3732799999999996,1.6250559999999998,604
ssgi,0,ssgi.trace,2.5088606622516574,2.55216,3.16864,604
ssgi,0,ssgi.temporal,0.15727385430463467,0.175104,0.182272,604
ssgi,0,composición,0.12262357615894041,0.135584,0.140096,604
ssgi,0,métrica (no GI),0.11684450331125858,0.126976,0.144384,604
ssgi,0,display,0.06620354966887423,0.069824,0.083424,604
ssgi,1,gbuffer+sombras,1.24065128476821,1.2753599999999998,1.4534399999999996,604
ssgi,1,ssgi.trace,2.7215758940397348,2.77296,3.293952,604
ssgi,1,ssgi.temporal,0.17749107284768093,0.17408,0.181248,604
ssgi,1,composición,0.12069600000000008,0.122592,0.127264,604
ssgi,1,display,0.06835406622516554,0.071616,0.081952,604
ssgi,1,métrica (no GI),0.12481271523178816,0.130048,0.142336,604
ssgi,2,gbuffer+sombras,1.3534271258278148,1.400768,1.5939199999999996,604
ssgi,2,ssgi.trace,2.640370013245032,2.784704,3.296928,604
ssgi,2,ssgi.temporal,0.19138797350993325,0.173056,0.180224,604
ssgi,2,composición,0.1395618543046358,0.135168,0.140512,604
ssgi,2,métrica (no GI),0.11440826490066237,0.120832,0.13824,604
ssgi,2,display,0.07062993377483441,0.074624,0.085728,604
ssgi,3,gbuffer+sombras,1.2931509403973498,1.3622079999999999,1.5528000000000002,604
ssgi,3,ssgi.trace,2.4891503576158933,2.638272,3.13056,604
ssgi,3,ssgi.temporal,0.1841623311258266,0.176128,0.182272,604
ssgi,3,composición,0.1386908079470198,0.139488,0.143104,604
ssgi,3,métrica (no GI),0.1145744105960265,0.120832,0.136192,604
ssgi,3,display,0.06628386754966892,0.071264,0.082624,604
ssgi,4,gbuffer+sombras,1.4146703760399344,1.5230720000000002,1.6629119999999995,601
ssgi,4,ssgi.trace,2.7162068552412664,2.8632,3.212992,601
ssgi,4,ssgi.temporal,0.15923285191347622,0.175104,0.1792,601
ssgi,4,composición,0.12294431946755406,0.133664,0.136704,601
ssgi,4,métrica (no GI),0.11138427953411018,0.120832,0.132096,601
ssgi,4,display,0.06965888851913475,0.07488,0.0824,601
ddgi,0,gbuffer+sombras,1.3737043708609267,1.4085439999999998,1.7078719999999998,604
ddgi,0,ddgi.trace,1.5659672582781452,1.462272,2.643968,604
ddgi,0,ddgi.blend,0.3044941986754965,0.32972799999999997,0.41369599999999995,604
ddgi,0,ddgi.gather,0.2028944105960263,0.206848,0.263168,604
ddgi,0,composición,0.11254754966887409,0.103392,0.1088,604
ddgi,0,métrica (no GI),0.1350205033112584,0.131072,0.154624,604
ddgi,0,display,0.06696264900662244,0.07158400000000001,0.08768000000000001,604
ddgi,1,gbuffer+sombras,1.2621961854304644,0.9863679999999999,3.059712,604
ddgi,1,ddgi.trace,1.5032794701986767,1.405952,2.668544,604
ddgi,1,ddgi.blend,0.29103978807947095,0.259072,0.415744,604
ddgi,1,ddgi.gather,0.21226807947019852,0.167936,0.438272,604
ddgi,1,composición,0.09843274172185427,0.063808,0.394272,604
ddgi,1,métrica (no GI),0.14338373509933788,0.096256,0.57856,604
ddgi,1,display,0.06527936423841066,0.05584,0.10572799999999999,604
ddgi,2,gbuffer+sombras,1.342458701986754,1.029472,3.5502080000000005,604
ddgi,2,ddgi.trace,1.4567332450331125,1.38752,2.609152,604
ddgi,2,ddgi.blend,0.2833801324503315,0.25190399999999996,0.39526399999999995,604
ddgi,2,ddgi.gather,0.17943904635761568,0.134144,0.502784,604
ddgi,2,composición,0.11348137748344374,0.067872,0.526048,604
ddgi,2,métrica (no GI),0.12074384105960266,0.088064,0.415744,604
ddgi,2,display,0.06517923178807945,0.054624,0.121536,604
ddgi,3,gbuffer+sombras,1.3478255894039743,1.011552,3.576928,604
ddgi,3,ddgi.trace,1.50896063576159,1.437696,2.642944,604
ddgi,3,ddgi.blend,0.29280466225165486,0.247808,0.40550400000000003,604
ddgi,3,ddgi.gather,0.21440084768211873,0.161792,0.50176,604
ddgi,3,composición,0.11921562913907283,0.071584,0.58032,604
ddgi,3,métrica (no GI),0.12829838410596037,0.090112,0.4608,604
ddgi,3,display,0.06536233112582779,0.053248000000000004,0.10864,604
ddgi,4,gbuffer+sombras,1.3382625165562902,1.0512,1.744544,604
ddgi,4,ddgi.trace,1.4371127947019862,1.375232,2.62656,604
ddgi,4,ddgi.blend,0.2797995231788073,0.236544,0.402432,604
ddgi,4,ddgi.gather,0.20919947019867566,0.16384,0.289792,604
ddgi,4,composición,0.09562076821192057,0.066624,0.1008,604
ddgi,4,métrica (no GI),0.11014103311258289,0.086016,0.140288,604
ddgi,4,display,0.062125086092715213,0.050912,0.085568,604
ddgi-ssdo,0,gbuffer+sombras,1.196322543046357,1.262784,1.3328000000000004,604
ddgi-ssdo,0,ddgi.trace,1.4157308609271528,1.321984,2.089984,604
ddgi-ssdo,0,ddgi.blend,0.2757052185430466,0.28774400000000006,0.31232,604
ddgi-ssdo,0,ddgi.gather,0.17116227814569518,0.1792,0.193536,604
ddgi-ssdo,0,ssdo.ao,1.2852771390728497,1.350912,1.366272,604
ddgi-ssdo,0,ssdo.temporal,0.14694060927152303,0.166912,0.169984,604
ddgi-ssdo,0,ssdo.combine,0.0868484238410597,0.098464,0.101376,604
ddgi-ssdo,0,composición,0.07683337748344377,0.084256,0.086464,604
ddgi-ssdo,0,métrica (no GI),0.10682490066225193,0.11776,0.12288,604
ddgi-ssdo,0,display,0.06020980132450335,0.063136,0.06767999999999999,604
ddgi-ssdo,1,gbuffer+sombras,1.1895679999999995,1.2514560000000001,1.3423999999999996,604
ddgi-ssdo,1,ddgi.trace,1.5228592317880794,1.381376,2.349056,604
ddgi-ssdo,1,ddgi.blend,0.29647173509933866,0.320512,0.352256,604
ddgi-ssdo,1,ddgi.gather,0.199808847682119,0.211968,0.231424,604
ddgi-ssdo,1,ssdo.ao,1.0313680529801346,1.08992,1.1848319999999999,604
ddgi-ssdo,1,ssdo.temporal,0.1711249801324505,0.164864,0.16896,604
ddgi-ssdo,1,ssdo.combine,0.09200063576158941,0.091072,0.094304,604
ddgi-ssdo,1,composición,0.06954945695364233,0.072032,0.0752,604
ddgi-ssdo,1,display,0.0646972715231788,0.069248,0.074368,604
ddgi-ssdo,1,métrica (no GI),0.11999957615894068,0.126976,0.13312,604
ddgi-ssdo,2,gbuffer+sombras,1.0199256158940404,0.7831999999999999,1.42336,604
ddgi-ssdo,2,ddgi.trace,1.225031205298013,1.103872,2.32448,604
ddgi-ssdo,2,ddgi.blend,0.2388598675496693,0.176128,0.352256,604
ddgi-ssdo,2,ddgi.gather,0.13042606622516592,0.095232,0.18944,604
ddgi-ssdo,2,ssdo.ao,0.8383595761589409,0.66528,1.145184,604
ddgi-ssdo,2,ssdo.temporal,0.12736593377483488,0.098304,0.16896,604
ddgi-ssdo,2,ssdo.combine,0.07016111258278143,0.05488,0.09456,604
ddgi-ssdo,2,composición,0.06321483443708602,0.051008,0.082336,604
ddgi-ssdo,2,métrica (no GI),0.08522256953642393,0.067584,0.120832,604
ddgi-ssdo,2,display,0.052138225165562886,0.039584,0.07472000000000001,604
ddgi-ssdo,3,gbuffer+sombras,1.097950357615894,1.209376,1.3693440000000001,604
ddgi-ssdo,3,ddgi.trace,1.3388783046357629,1.195008,2.16064,604
ddgi-ssdo,3,ddgi.blend,0.2604571125827807,0.2816,0.33382399999999995,604
ddgi-ssdo,3,ddgi.gather,0.1717539602649016,0.186368,0.22016,604
ddgi-ssdo,3,ssdo.ao,1.3131510993377484,1.450528,1.573632,604
ddgi-ssdo,3,ssdo.temporal,0.13616317880794712,0.165888,0.169984,604
ddgi-ssdo,3,ssdo.combine,0.08536095364238408,0.102912,0.10704,604
ddgi-ssdo,3,composición,0.06852709933774839,0.078624,0.082272,604
ddgi-ssdo,3,métrica (no GI),0.09301276821191992,0.106496,0.118784,604
ddgi-ssdo,3,display,0.05660927152317881,0.061536,0.071008,604
ddgi-ssdo,4,gbuffer+sombras,1.1885696953642386,1.3235199999999998,1.409024,604
ddgi-ssdo,4,ddgi.trace,1.3266903311258285,1.220608,2.125824,604
ddgi-ssdo,4,ddgi.blend,0.259465324503312,0.28876799999999997,0.31436800000000004,604
ddgi-ssdo,4,ddgi.gather,0.1824601854304651,0.203776,0.22016,604
ddgi-ssdo,4,ssdo.ao,1.2941017748344383,1.439168,1.4664,604
ddgi-ssdo,4,ssdo.temporal,0.13904529801324558,0.165888,0.16896,604
ddgi-ssdo,4,ssdo.combine,0.07860291390728479,0.092352,0.09664,604
ddgi-ssdo,4,composición,0.06836815894039745,0.077984,0.080384,604
ddgi-ssdo,4,métrica (no GI),0.09287883443708542,0.106496,0.11264,604
ddgi-ssdo,4,display,0.056993218543046356,0.06342400000000001,0.06816,604
sharc,0,gbuffer+sombras,0.7680585870646769,0.7664320000000001,0.7748160000000001,603
sharc,0,sharc.update,2.6817710912106136,2.674688,2.747392,603
sharc,0,sharc.resolve,0.08480010613598665,0.084992,0.086016,603
sharc,0,sharc.query,6.525087628524055,6.54848,6.695936,603
sharc,0,sharc.atrous,1.069973014925371,1.0393599999999998,1.201152,603
sharc,0,composición,0.05524282587064677,0.055456,0.056544,603
sharc,0,display,0.03824620895522384,0.038208,0.03936,603
sharc,0,métrica (no GI),0.03578905472636816,0,0.073728,603
sharc,1,gbuffer+sombras,0.6934374527363182,0.691328,0.6995199999999999,603
sharc,1,sharc.update,1.9485904875621896,1.939456,2.006016,603
sharc,1,sharc.resolve,0.10012104809286969,0.100352,0.101376,603
sharc,1,sharc.query,4.434167933665019,4.4288,4.451328,603
sharc,1,sharc.atrous,1.0322921923714754,1.030144,1.03424,603
sharc,1,composición,0.0469132736318409,0.04688,0.047776,603
sharc,1,métrica (no GI),0.041031323383084455,0.068608,0.070656,603
sharc,1,display,0.037175349917081296,0.03712,0.038176,603
sharc,2,gbuffer+sombras,0.7531241993355476,0.7464639999999999,0.7592,602
sharc,2,sharc.update,2.1244921196013267,2.115584,2.209792,602
sharc,2,sharc.resolve,0.09964608637873787,0.099328,0.100352,602
sharc,2,sharc.query,4.4476470431893675,4.435968,4.478976,602
sharc,2,sharc.atrous,1.0412940332225917,1.037312,1.042432,602
sharc,2,composición,0.05201918936877077,0.051904,0.052896,602
sharc,2,display,0.03817185382059804,0.038112,0.039296,602
sharc,2,métrica (no GI),0.035220837209302476,0.063488,0.064512,602
sharc,3,gbuffer+sombras,0.7459154817275744,0.7433919999999999,0.7523199999999999,602
sharc,3,sharc.update,2.598243508305648,2.588672,2.66752,602
sharc,3,sharc.resolve,0.08545126910299028,0.084992,0.086016,602
sharc,3,sharc.query,6.038405528239195,5.989376,6.283264,602
sharc,3,sharc.atrous,1.1494348970099588,1.197056,1.205248,602
sharc,3,composición,0.05775611960132893,0.058976,0.06,602
sharc,3,métrica (no GI),0.03264042524916957,0,0.067584,602
sharc,3,display,0.03762083720930225,0.037568,0.038592,602
sharc,4,gbuffer+sombras,0.8099110845771137,0.808544,0.816832,603
sharc,4,sharc.update,2.646914334991706,2.638848,2.714624,603
sharc,4,sharc.resolve,0.08244473631840751,0.082944,0.082944,603
sharc,4,sharc.query,6.474448026534003,6.488064,6.685696,603
sharc,4,sharc.atrous,1.1022689220563866,1.046528,1.207296,603
sharc,4,composición,0.05231113764510778,0.052192,0.05376,603
sharc,4,display,0.038369857379767745,0.038335999999999995,0.039552000000000004,603
sharc,4,métrica (no GI),0.031980046434494376,0,0.065536,603
